{
"__comment": "Designed by Zorigami - www.planetminecraft.com/member/zorigami/ - Contact at ZorigamiMC@gmail.com",
"textures": {
    "particle": "items/standard_bow",
    "texture": "items/standard_bow"
},
"elements": [ 
{
    "__comment": "Grip",
    "from": [ 6.25, 6.75, 7.5 ],
    "to": [ 6.75, 9.25, 8.5 ],
    "faces": {
        "down":  { "uv": [ 6.251, 9.001, 6.749, 9.249 ], "texture": "#texture" },
        "up":    { "uv": [ 6.251, 6.751, 6.749, 6.999 ], "texture": "#texture" },
        "north": { "uv": [ 6.749, 6.751, 6.251, 9.249 ], "texture": "#texture" },
        "south": { "uv": [ 6.251, 6.751, 6.749, 9.249 ], "texture": "#texture" },
        "west":  { "uv": [ 6.251, 6.751, 6.499, 9.249 ], "texture": "#texture" },
        "east":  { "uv": [ 6.501, 6.751, 6.749, 9.249 ], "texture": "#texture" }
    }
},
{
    "__comment": "Grip",
    "from": [ 6, 6.75, 7.75 ],
    "to": [ 7, 9.25, 8.25 ],
    "faces": {
        "down":  { "uv": [ 6.001, 9.001, 6.999, 9.249 ], "texture": "#texture" },
        "up":    { "uv": [ 6.001, 6.751, 6.999, 6.999 ], "texture": "#texture" },
        "north": { "uv": [ 6.999, 6.751, 6.001, 9.249 ], "texture": "#texture" },
        "south": { "uv": [ 6.001, 6.751, 6.999, 9.249 ], "texture": "#texture" },
        "west":  { "uv": [ 6.001, 6.751, 6.249, 9.249 ], "texture": "#texture" },
        "east":  { "uv": [ 6.751, 6.751, 6.999, 9.249 ], "texture": "#texture" }
    }
},
{
    "__comment": "Wood1",
    "from": [ 6, 9.25, 7.75 ],
    "to": [ 6.75, 10, 8.25 ],
    "faces": {
        "down":  { "uv": [ 6.001, 6.501, 6.749, 6.749 ], "texture": "#texture" },
        "up":    { "uv": [ 6.001, 6.001, 6.749, 6.249 ], "texture": "#texture" },
        "north": { "uv": [ 6.749, 6.001, 6.001, 6.749 ], "texture": "#texture" },
        "south": { "uv": [ 6.001, 6.001, 6.749, 6.749 ], "texture": "#texture" },
        "west":  { "uv": [ 6.001, 6.001, 6.249, 6.749 ], "texture": "#texture" },
        "east":  { "uv": [ 6.501, 6.001, 6.749, 6.749 ], "texture": "#texture" }
    }
},
{
    "__comment": "Wood2",
    "from": [ 6.25, 9.25, 7.5 ],
    "to": [ 6.5, 10, 8.5 ],
    "faces": {
        "down":  { "uv": [ 6.251, 6.501, 6.499, 6.749 ], "texture": "#texture" },
        "up":    { "uv": [ 6.251, 6.001, 6.499, 6.249 ], "texture": "#texture" },
        "north": { "uv": [ 6.499, 6.001, 6.251, 6.749 ], "texture": "#texture" },
        "south": { "uv": [ 6.251, 6.001, 6.499, 6.749 ], "texture": "#texture" },
        "west":  { "uv": [ 6.251, 6.001, 6.499, 6.749 ], "texture": "#texture" },
        "east":  { "uv": [ 6.251, 6.001, 6.499, 6.749 ], "texture": "#texture" }
    }
},
{
    "__comment": "Wood1",
    "from": [ 6.25, 9.75, 7.75 ],
    "to": [ 7, 10.75, 8.25 ],
    "faces": {
        "down":  { "uv": [ 6.251, 6.001, 6.999, 6.249 ], "texture": "#texture" },
        "up":    { "uv": [ 6.251, 5.251, 6.999, 5.499 ], "texture": "#texture" },
        "north": { "uv": [ 6.999, 5.251, 6.251, 6.249 ], "texture": "#texture" },
        "south": { "uv": [ 6.251, 5.251, 6.999, 6.249 ], "texture": "#texture" },
        "west":  { "uv": [ 6.251, 5.251, 6.499, 6.249 ], "texture": "#texture" },
        "east":  { "uv": [ 6.751, 5.251, 6.999, 6.249 ], "texture": "#texture" }
    }
},
{
    "__comment": "Wood2",
    "from": [ 6.5, 9.75, 7.5 ],
    "to": [ 6.75, 10.75, 8.5 ],
    "faces": {
        "down":  { "uv": [ 6.501, 6.001, 6.749, 6.249 ], "texture": "#texture" },
        "up":    { "uv": [ 6.501, 5.251, 6.749, 5.499 ], "texture": "#texture" },
        "north": { "uv": [ 6.749, 5.251, 6.501, 6.249 ], "texture": "#texture" },
        "south": { "uv": [ 6.501, 5.251, 6.749, 6.249 ], "texture": "#texture" },
        "west":  { "uv": [ 6.501, 5.251, 6.749, 6.249 ], "texture": "#texture" },
        "east":  { "uv": [ 6.501, 5.251, 6.749, 6.249 ], "texture": "#texture" }
    }
},
{
    "__comment": "Wood1",
    "from": [ 6.5, 10.75, 7.75 ],
    "to": [ 7.25, 11.5, 8.25 ],
    "faces": {
        "down":  { "uv": [ 6.501, 5.001, 7.249, 5.249 ], "texture": "#texture" },
        "up":    { "uv": [ 6.501, 4.501, 7.249, 4.749 ], "texture": "#texture" },
        "north": { "uv": [ 7.249, 4.501, 6.501, 5.249 ], "texture": "#texture" },
        "south": { "uv": [ 6.501, 4.501, 7.249, 5.249 ], "texture": "#texture" },
        "west":  { "uv": [ 6.501, 4.501, 6.749, 5.249 ], "texture": "#texture" },
        "east":  { "uv": [ 7.001, 4.501, 7.249, 5.249 ], "texture": "#texture" }
    }
},
{
    "__comment": "Wood2",
    "from": [ 6.75, 10.75, 7.5 ],
    "to": [ 7, 11.5, 8.5 ],
    "faces": {
        "down":  { "uv": [ 6.751, 5.001, 6.999, 5.249 ], "texture": "#texture" },
        "up":    { "uv": [ 6.751, 4.501, 6.999, 4.749 ], "texture": "#texture" },
        "north": { "uv": [ 6.999, 4.501, 6.751, 5.249 ], "texture": "#texture" },
        "south": { "uv": [ 6.751, 4.501, 6.999, 5.249 ], "texture": "#texture" },
        "west":  { "uv": [ 6.751, 4.501, 6.999, 5.249 ], "texture": "#texture" },
        "east":  { "uv": [ 6.751, 4.501, 6.999, 5.249 ], "texture": "#texture" }
    }
},
{
    "__comment": "Wood1",
    "from": [ 6.75, 11.25, 7.75 ],
    "to": [ 7.5, 11.75, 8.25 ],
    "faces": {
        "down":  { "uv": [ 6.751, 4.501, 7.499, 4.749 ], "texture": "#texture" },
        "up":    { "uv": [ 6.751, 4.251, 7.499, 4.499 ], "texture": "#texture" },
        "north": { "uv": [ 7.499, 4.251, 6.751, 4.749 ], "texture": "#texture" },
        "south": { "uv": [ 6.751, 4.251, 7.499, 4.749 ], "texture": "#texture" },
        "west":  { "uv": [ 6.751, 4.251, 6.999, 4.749 ], "texture": "#texture" },
        "east":  { "uv": [ 7.251, 4.251, 7.499, 4.749 ], "texture": "#texture" }
    }
},
{
    "__comment": "Wood2",
    "from": [ 7, 11.25, 7.5 ],
    "to": [ 7.25, 11.75, 8.5 ],
    "faces": {
        "down":  { "uv": [ 7.001, 4.501, 7.249, 4.749 ], "texture": "#texture" },
        "up":    { "uv": [ 7.001, 4.251, 7.249, 4.499 ], "texture": "#texture" },
        "north": { "uv": [ 7.249, 4.251, 7.001, 4.749 ], "texture": "#texture" },
        "south": { "uv": [ 7.001, 4.251, 7.249, 4.749 ], "texture": "#texture" },
        "west":  { "uv": [ 7.001, 4.251, 7.249, 4.749 ], "texture": "#texture" },
        "east":  { "uv": [ 7.001, 4.251, 7.249, 4.749 ], "texture": "#texture" }
    }
},
{
    "__comment": "Wood1",
    "from": [ 7, 11.5, 7.75 ],
    "to": [ 7.75, 12, 8.25 ],
    "faces": {
        "down":  { "uv": [ 7.001, 4.251, 7.749, 4.499 ], "texture": "#texture" },
        "up":    { "uv": [ 7.001, 4.001, 7.749, 4.249 ], "texture": "#texture" },
        "north": { "uv": [ 7.749, 4.001, 7.001, 4.499 ], "texture": "#texture" },
        "south": { "uv": [ 7.001, 4.001, 7.749, 4.499 ], "texture": "#texture" },
        "west":  { "uv": [ 7.001, 4.001, 7.249, 4.499 ], "texture": "#texture" },
        "east":  { "uv": [ 7.501, 4.001, 7.749, 4.499 ], "texture": "#texture" }
    }
},
{
    "__comment": "Wood2",
    "from": [ 7.25, 11.5, 7.5 ],
    "to": [ 7.5, 12, 8.5 ],
    "faces": {
        "down":  { "uv": [ 7.251, 4.251, 7.499, 4.499 ], "texture": "#texture" },
        "up":    { "uv": [ 7.251, 4.001, 7.499, 4.249 ], "texture": "#texture" },
        "north": { "uv": [ 7.499, 4.001, 7.251, 4.499 ], "texture": "#texture" },
        "south": { "uv": [ 7.251, 4.001, 7.499, 4.499 ], "texture": "#texture" },
        "west":  { "uv": [ 7.251, 4.001, 7.499, 4.499 ], "texture": "#texture" },
        "east":  { "uv": [ 7.251, 4.001, 7.499, 4.499 ], "texture": "#texture" }
    }
},
{
    "__comment": "Wood1",
    "from": [ 7.25, 11.75, 7.75 ],
    "to": [ 8, 12.25, 8.25 ],
    "faces": {
        "down":  { "uv": [ 7.251, 4.001, 7.999, 4.249 ], "texture": "#texture" },
        "up":    { "uv": [ 7.251, 3.751, 7.999, 3.999 ], "texture": "#texture" },
        "north": { "uv": [ 7.999, 3.751, 7.251, 4.249 ], "texture": "#texture" },
        "south": { "uv": [ 7.251, 3.751, 7.999, 4.249 ], "texture": "#texture" },
        "west":  { "uv": [ 7.251, 3.751, 7.499, 4.249 ], "texture": "#texture" },
        "east":  { "uv": [ 7.751, 3.751, 7.999, 4.249 ], "texture": "#texture" }
    }
},
{
    "__comment": "Wood2",
    "from": [ 7.5, 11.75, 7.5 ],
    "to": [ 7.75, 12.25, 8.5 ],
    "faces": {
        "down":  { "uv": [ 7.501, 4.001, 7.749, 4.249 ], "texture": "#texture" },
        "up":    { "uv": [ 7.501, 3.751, 7.749, 3.999 ], "texture": "#texture" },
        "north": { "uv": [ 7.749, 3.751, 7.501, 4.249 ], "texture": "#texture" },
        "south": { "uv": [ 7.501, 3.751, 7.749, 4.249 ], "texture": "#texture" },
        "west":  { "uv": [ 7.501, 3.751, 7.749, 4.249 ], "texture": "#texture" },
        "east":  { "uv": [ 7.501, 3.751, 7.749, 4.249 ], "texture": "#texture" }
    }
},
{
    "__comment": "Wood1",
    "from": [ 7.5, 12, 7.75 ],
    "to": [ 8.25, 12.5, 8.25 ],
    "faces": {
        "down":  { "uv": [ 7.501, 3.751, 8.249, 3.999 ], "texture": "#texture" },
        "up":    { "uv": [ 7.501, 3.501, 8.249, 3.749 ], "texture": "#texture" },
        "north": { "uv": [ 8.249, 3.501, 7.501, 3.999 ], "texture": "#texture" },
        "south": { "uv": [ 7.501, 3.501, 8.249, 3.999 ], "texture": "#texture" },
        "west":  { "uv": [ 7.501, 3.501, 7.749, 3.999 ], "texture": "#texture" },
        "east":  { "uv": [ 8.001, 3.501, 8.249, 3.999 ], "texture": "#texture" }
    }
},
{
    "__comment": "Wood2",
    "from": [ 7.75, 12, 7.5 ],
    "to": [ 8, 12.5, 8.5 ],
    "faces": {
        "down":  { "uv": [ 7.751, 3.751, 7.999, 3.999 ], "texture": "#texture" },
        "up":    { "uv": [ 7.751, 3.501, 7.999, 3.749 ], "texture": "#texture" },
        "north": { "uv": [ 7.999, 3.501, 7.751, 3.999 ], "texture": "#texture" },
        "south": { "uv": [ 7.751, 3.501, 7.999, 3.999 ], "texture": "#texture" },
        "west":  { "uv": [ 7.751, 3.501, 7.999, 3.999 ], "texture": "#texture" },
        "east":  { "uv": [ 7.751, 3.501, 7.999, 3.999 ], "texture": "#texture" }
    }
},
{
    "__comment": "Wood1",
    "from": [ 7.75, 12.25, 7.75 ],
    "to": [ 8.5, 12.75, 8.25 ],
    "faces": {
        "down":  { "uv": [ 7.751, 3.501, 8.499, 3.749 ], "texture": "#texture" },
        "up":    { "uv": [ 7.751, 3.251, 8.499, 3.499 ], "texture": "#texture" },
        "north": { "uv": [ 8.499, 3.251, 7.751, 3.749 ], "texture": "#texture" },
        "south": { "uv": [ 7.751, 3.251, 8.499, 3.749 ], "texture": "#texture" },
        "west":  { "uv": [ 7.751, 3.251, 7.999, 3.749 ], "texture": "#texture" },
        "east":  { "uv": [ 8.251, 3.251, 8.499, 3.749 ], "texture": "#texture" }
    }
},
{
    "__comment": "Wood1",
    "from": [ 8, 12.5, 7.75 ],
    "to": [ 8.75, 13, 8.25 ],
    "faces": {
        "down":  { "uv": [ 8.001, 3.251, 8.749, 3.499 ], "texture": "#texture" },
        "up":    { "uv": [ 8.001, 3.001, 8.749, 3.249 ], "texture": "#texture" },
        "north": { "uv": [ 8.749, 3.001, 8.001, 3.499 ], "texture": "#texture" },
        "south": { "uv": [ 8.001, 3.001, 8.749, 3.499 ], "texture": "#texture" },
        "west":  { "uv": [ 8.001, 3.001, 8.249, 3.499 ], "texture": "#texture" },
        "east":  { "uv": [ 8.501, 3.001, 8.749, 3.499 ], "texture": "#texture" }
    }
},
{
    "__comment": "Wood2",
    "from": [ 8, 12.25, 7.5 ],
    "to": [ 8.25, 12.75, 8.5 ],
    "faces": {
        "down":  { "uv": [ 8.001, 3.501, 8.249, 3.749 ], "texture": "#texture" },
        "up":    { "uv": [ 8.001, 3.251, 8.249, 3.499 ], "texture": "#texture" },
        "north": { "uv": [ 8.249, 3.251, 8.001, 3.749 ], "texture": "#texture" },
        "south": { "uv": [ 8.001, 3.251, 8.249, 3.749 ], "texture": "#texture" },
        "west":  { "uv": [ 8.001, 3.251, 8.249, 3.749 ], "texture": "#texture" },
        "east":  { "uv": [ 8.001, 3.251, 8.249, 3.749 ], "texture": "#texture" }
    }
},
{
    "__comment": "Wood2",
    "from": [ 8.25, 12.5, 7.5 ],
    "to": [ 8.5, 13, 8.5 ],
    "faces": {
        "down":  { "uv": [ 8.251, 3.251, 8.499, 3.499 ], "texture": "#texture" },
        "up":    { "uv": [ 8.251, 3.001, 8.499, 3.249 ], "texture": "#texture" },
        "north": { "uv": [ 8.499, 3.001, 8.251, 3.499 ], "texture": "#texture" },
        "south": { "uv": [ 8.251, 3.001, 8.499, 3.499 ], "texture": "#texture" },
        "west":  { "uv": [ 8.251, 3.001, 8.499, 3.499 ], "texture": "#texture" },
        "east":  { "uv": [ 8.251, 3.001, 8.499, 3.499 ], "texture": "#texture" }
    }
},
{
    "__comment": "Wood1",
    "from": [ 8.25, 13, 7.75 ],
    "to": [ 9.25, 13.5, 8.25 ],
    "faces": {
        "down":  { "uv": [ 8.251, 2.751, 9.249, 2.999 ], "texture": "#texture" },
        "up":    { "uv": [ 8.251, 2.501, 9.249, 2.749 ], "texture": "#texture" },
        "north": { "uv": [ 9.249, 2.501, 8.251, 2.999 ], "texture": "#texture" },
        "south": { "uv": [ 8.251, 2.501, 9.249, 2.999 ], "texture": "#texture" },
        "west":  { "uv": [ 8.251, 2.501, 8.499, 2.999 ], "texture": "#texture" },
        "east":  { "uv": [ 9.001, 2.501, 9.249, 2.999 ], "texture": "#texture" }
    }
},
{
    "__comment": "Wood1",
    "from": [ 8.75, 12.75, 7.75 ],
    "to": [ 9, 13, 8.25 ],
    "faces": {
        "down":  { "uv": [ 8.751, 3.001, 8.999, 3.249 ], "texture": "#texture" },
        "up":    { "uv": [ 8.751, 3.001, 8.999, 3.249 ], "texture": "#texture" },
        "north": { "uv": [ 8.999, 3.001, 8.751, 3.249 ], "texture": "#texture" },
        "south": { "uv": [ 8.751, 3.001, 8.999, 3.249 ], "texture": "#texture" },
        "west":  { "uv": [ 8.751, 3.001, 8.999, 3.249 ], "texture": "#texture" },
        "east":  { "uv": [ 8.751, 3.001, 8.999, 3.249 ], "texture": "#texture" }
    }
},
{
    "__comment": "Wood2",
    "from": [ 8.5, 13, 7.5 ],
    "to": [ 9, 13.5, 8.5 ],
    "faces": {
        "down":  { "uv": [ 8.501, 2.751, 8.999, 2.999 ], "texture": "#texture" },
        "up":    { "uv": [ 8.501, 2.501, 8.999, 2.749 ], "texture": "#texture" },
        "north": { "uv": [ 8.999, 2.501, 8.501, 2.999 ], "texture": "#texture" },
        "south": { "uv": [ 8.501, 2.501, 8.999, 2.999 ], "texture": "#texture" },
        "west":  { "uv": [ 8.501, 2.501, 8.749, 2.999 ], "texture": "#texture" },
        "east":  { "uv": [ 8.751, 2.501, 8.999, 2.999 ], "texture": "#texture" }
    }
},
{
    "__comment": "Wood2",
    "from": [ 8.5, 12.75, 7.5 ],
    "to": [ 8.75, 13, 8.5 ],
    "faces": {
        "down":  { "uv": [ 8.501, 3.001, 8.749, 3.249 ], "texture": "#texture" },
        "up":    { "uv": [ 8.501, 3.001, 8.749, 3.249 ], "texture": "#texture" },
        "north": { "uv": [ 8.749, 3.001, 8.501, 3.249 ], "texture": "#texture" },
        "south": { "uv": [ 8.501, 3.001, 8.749, 3.249 ], "texture": "#texture" },
        "west":  { "uv": [ 8.501, 3.001, 8.749, 3.249 ], "texture": "#texture" },
        "east":  { "uv": [ 8.501, 3.001, 8.749, 3.249 ], "texture": "#texture" }
    }
},
{
    "__comment": "Wood1",
    "from": [ 8.5, 13.5, 7.75 ],
    "to": [ 9.5, 13.75, 8.25 ],
    "faces": {
        "down":  { "uv": [ 8.501, 2.251, 9.499, 2.499 ], "texture": "#texture" },
        "up":    { "uv": [ 8.501, 2.251, 9.499, 2.499 ], "texture": "#texture" },
        "north": { "uv": [ 9.499, 2.251, 8.501, 2.499 ], "texture": "#texture" },
        "south": { "uv": [ 8.501, 2.251, 9.499, 2.499 ], "texture": "#texture" },
        "west":  { "uv": [ 8.501, 2.251, 8.749, 2.499 ], "texture": "#texture" },
        "east":  { "uv": [ 9.251, 2.251, 9.499, 2.499 ], "texture": "#texture" }
    }
},
{
    "__comment": "Wood2",
    "from": [ 8.75, 13.5, 7.5 ],
    "to": [ 9.25, 13.75, 8.5 ],
    "faces": {
        "down":  { "uv": [ 8.751, 2.251, 9.249, 2.499 ], "texture": "#texture" },
        "up":    { "uv": [ 8.751, 2.251, 9.249, 2.499 ], "texture": "#texture" },
        "north": { "uv": [ 9.249, 2.251, 8.751, 2.499 ], "texture": "#texture" },
        "south": { "uv": [ 8.751, 2.251, 9.249, 2.499 ], "texture": "#texture" },
        "west":  { "uv": [ 8.751, 2.251, 8.999, 2.499 ], "texture": "#texture" },
        "east":  { "uv": [ 9.001, 2.251, 9.249, 2.499 ], "texture": "#texture" }
    }
},
{
    "__comment": "Wood1",
    "from": [ 8.75, 13.75, 7.75 ],
    "to": [ 9.5, 14, 8.25 ],
    "faces": {
        "down":  { "uv": [ 8.751, 2.001, 9.499, 2.249 ], "texture": "#texture" },
        "up":    { "uv": [ 8.751, 2.001, 9.499, 2.249 ], "texture": "#texture" },
        "north": { "uv": [ 9.499, 2.001, 8.751, 2.249 ], "texture": "#texture" },
        "south": { "uv": [ 8.751, 2.001, 9.499, 2.249 ], "texture": "#texture" },
        "west":  { "uv": [ 8.751, 2.001, 8.999, 2.249 ], "texture": "#texture" },
        "east":  { "uv": [ 9.251, 2.001, 9.499, 2.249 ], "texture": "#texture" }
    }
},
{
    "__comment": "Wood1",
    "from": [ 8.75, 14, 7.75 ],
    "to": [ 9.75, 14.5, 8.25 ],
    "faces": {
        "down":  { "uv": [ 8.751, 1.751, 9.749, 1.999 ], "texture": "#texture" },
        "up":    { "uv": [ 8.751, 1.501, 9.749, 1.749 ], "texture": "#texture" },
        "north": { "uv": [ 9.749, 1.501, 8.751, 1.999 ], "texture": "#texture" },
        "south": { "uv": [ 8.751, 1.501, 9.749, 1.999 ], "texture": "#texture" },
        "west":  { "uv": [ 8.751, 1.501, 8.999, 1.999 ], "texture": "#texture" },
        "east":  { "uv": [ 9.501, 1.501, 9.749, 1.999 ], "texture": "#texture" }
    }
},
{
    "__comment": "Wood1",
    "from": [ 9, 14.5, 7.75 ],
    "to": [ 9.75, 15.5, 8.25 ],
    "faces": {
        "down":  { "uv": [ 9.001, 1.251, 9.749, 1.499 ], "texture": "#texture" },
        "up":    { "uv": [ 9.001, 0.501, 9.749, 0.749 ], "texture": "#texture" },
        "north": { "uv": [ 9.749, 0.501, 9.001, 1.499 ], "texture": "#texture" },
        "south": { "uv": [ 9.001, 0.501, 9.749, 1.499 ], "texture": "#texture" },
        "west":  { "uv": [ 9.001, 0.501, 9.249, 1.499 ], "texture": "#texture" },
        "east":  { "uv": [ 9.501, 0.501, 9.749, 1.499 ], "texture": "#texture" }
    }
},
{
    "__comment": "Wood1",
    "from": [ 8.75, 15.5, 7.75 ],
    "to": [ 9.5, 15.75, 8.25 ],
    "faces": {
        "down":  { "uv": [ 8.751, 0.251, 9.499, 0.499 ], "texture": "#texture" },
        "up":    { "uv": [ 8.751, 0.251, 9.499, 0.499 ], "texture": "#texture" },
        "north": { "uv": [ 9.499, 0.251, 8.751, 0.499 ], "texture": "#texture" },
        "south": { "uv": [ 8.751, 0.251, 9.499, 0.499 ], "texture": "#texture" },
        "west":  { "uv": [ 8.751, 0.251, 8.999, 0.499 ], "texture": "#texture" },
        "east":  { "uv": [ 9.251, 0.251, 9.499, 0.499 ], "texture": "#texture" }
    }
},
{
    "__comment": "Wood1",
    "from": [ 8.75, 15.75, 7.75 ],
    "to": [ 9.25, 16, 8.25 ],
    "faces": {
        "down":  { "uv": [ 8.751, 0.001, 9.249, 0.249 ], "texture": "#texture" },
        "up":    { "uv": [ 8.751, 0.001, 9.249, 0.249 ], "texture": "#texture" },
        "north": { "uv": [ 9.249, 0.001, 8.751, 0.249 ], "texture": "#texture" },
        "south": { "uv": [ 8.751, 0.001, 9.249, 0.249 ], "texture": "#texture" },
        "west":  { "uv": [ 8.751, 0.001, 8.999, 0.249 ], "texture": "#texture" },
        "east":  { "uv": [ 9.001, 0.001, 9.249, 0.249 ], "texture": "#texture" }
    }
},
{
    "__comment": "Wood2",
    "from": [ 9, 14, 7.5 ],
    "to": [ 9.5, 14.5, 8.5 ],
    "faces": {
        "down":  { "uv": [ 9.001, 1.751, 9.499, 1.999 ], "texture": "#texture" },
        "up":    { "uv": [ 9.001, 1.501, 9.499, 1.749 ], "texture": "#texture" },
        "north": { "uv": [ 9.499, 1.501, 9.001, 1.999 ], "texture": "#texture" },
        "south": { "uv": [ 9.001, 1.501, 9.499, 1.999 ], "texture": "#texture" },
        "west":  { "uv": [ 9.001, 1.501, 9.249, 1.999 ], "texture": "#texture" },
        "east":  { "uv": [ 9.251, 1.501, 9.499, 1.999 ], "texture": "#texture" }
    }
},
{
    "__comment": "Wood2",
    "from": [ 9, 13.75, 7.5 ],
    "to": [ 9.25, 14, 8.5 ],
    "faces": {
        "down":  { "uv": [ 9.001, 2.001, 9.249, 2.249 ], "texture": "#texture" },
        "up":    { "uv": [ 9.001, 2.001, 9.249, 2.249 ], "texture": "#texture" },
        "north": { "uv": [ 9.249, 2.001, 9.001, 2.249 ], "texture": "#texture" },
        "south": { "uv": [ 9.001, 2.001, 9.249, 2.249 ], "texture": "#texture" },
        "west":  { "uv": [ 9.001, 2.001, 9.249, 2.249 ], "texture": "#texture" },
        "east":  { "uv": [ 9.001, 2.001, 9.249, 2.249 ], "texture": "#texture" }
    }
},
{
    "__comment": "Wood2",
    "from": [ 9.25, 14.5, 7.5 ],
    "to": [ 9.5, 15.5, 8.5 ],
    "faces": {
        "down":  { "uv": [ 9.251, 1.251, 9.499, 1.499 ], "texture": "#texture" },
        "up":    { "uv": [ 9.251, 0.501, 9.499, 0.749 ], "texture": "#texture" },
        "north": { "uv": [ 9.499, 0.501, 9.251, 1.499 ], "texture": "#texture" },
        "south": { "uv": [ 9.251, 0.501, 9.499, 1.499 ], "texture": "#texture" },
        "west":  { "uv": [ 9.251, 0.501, 9.499, 1.499 ], "texture": "#texture" },
        "east":  { "uv": [ 9.251, 0.501, 9.499, 1.499 ], "texture": "#texture" }
    }
},
{
    "__comment": "Wood2",
    "from": [ 9, 15.5, 7.5 ],
    "to": [ 9.25, 15.75, 8.5 ],
    "faces": {
        "down":  { "uv": [ 9.001, 0.251, 9.249, 0.499 ], "texture": "#texture" },
        "up":    { "uv": [ 9.001, 0.251, 9.249, 0.499 ], "texture": "#texture" },
        "north": { "uv": [ 9.249, 0.251, 9.001, 0.499 ], "texture": "#texture" },
        "south": { "uv": [ 9.001, 0.251, 9.249, 0.499 ], "texture": "#texture" },
        "west":  { "uv": [ 9.001, 0.251, 9.249, 0.499 ], "texture": "#texture" },
        "east":  { "uv": [ 9.001, 0.251, 9.249, 0.499 ], "texture": "#texture" }
    }
},
{
    "__comment": "Wood1",
    "from": [ 6, 6, 7.75 ],
    "to": [ 6.75, 6.75, 8.25 ],
    "faces": {
        "down":  { "uv": [ 6.001, 9.751, 6.749, 9.999 ], "texture": "#texture" },
        "up":    { "uv": [ 6.001, 9.251, 6.749, 9.499 ], "texture": "#texture" },
        "north": { "uv": [ 6.749, 9.251, 6.001, 9.999 ], "texture": "#texture" },
        "south": { "uv": [ 6.001, 9.251, 6.749, 9.999 ], "texture": "#texture" },
        "west":  { "uv": [ 6.001, 9.251, 6.249, 9.999 ], "texture": "#texture" },
        "east":  { "uv": [ 6.501, 9.251, 6.749, 9.999 ], "texture": "#texture" }
    }
},
{
    "__comment": "Wood1",
    "from": [ 6.25, 5.25, 7.75 ],
    "to": [ 7, 6.25, 8.25 ],
    "faces": {
        "down":  { "uv": [ 6.251, 10.251, 6.999, 10.499 ], "texture": "#texture" },
        "up":    { "uv": [ 6.251, 9.751, 6.999, 9.999 ], "texture": "#texture" },
        "north": { "uv": [ 6.999, 9.751, 6.251, 10.749 ], "texture": "#texture" },
        "south": { "uv": [ 6.251, 9.751, 6.999, 10.749 ], "texture": "#texture" },
        "west":  { "uv": [ 6.251, 9.751, 6.499, 10.749 ], "texture": "#texture" },
        "east":  { "uv": [ 6.751, 9.751, 6.999, 10.749 ], "texture": "#texture" }
    }
},
{
    "__comment": "Wood1",
    "from": [ 6.5, 4.5, 7.75 ],
    "to": [ 7.25, 5.25, 8.25 ],
    "faces": {
        "down":  { "uv": [ 6.501, 11.251, 7.249, 11.499 ], "texture": "#texture" },
        "up":    { "uv": [ 6.501, 11.001, 7.249, 11.249 ], "texture": "#texture" },
        "north": { "uv": [ 7.249, 10.751, 6.501, 11.499 ], "texture": "#texture" },
        "south": { "uv": [ 6.501, 10.751, 7.249, 11.499 ], "texture": "#texture" },
        "west":  { "uv": [ 6.501, 10.751, 6.749, 11.499 ], "texture": "#texture" },
        "east":  { "uv": [ 7.001, 10.751, 7.249, 11.499 ], "texture": "#texture" }
    }
},
{
    "__comment": "Wood1",
    "from": [ 6.75, 4.25, 7.75 ],
    "to": [ 7.5, 4.75, 8.25 ],
    "faces": {
        "down":  { "uv": [ 6.751, 11.501, 7.499, 11.749 ], "texture": "#texture" },
        "up":    { "uv": [ 6.751, 11.251, 7.499, 11.499 ], "texture": "#texture" },
        "north": { "uv": [ 7.499, 11.251, 6.751, 11.749 ], "texture": "#texture" },
        "south": { "uv": [ 6.751, 11.251, 7.499, 11.749 ], "texture": "#texture" },
        "west":  { "uv": [ 6.751, 11.251, 6.999, 11.749 ], "texture": "#texture" },
        "east":  { "uv": [ 7.251, 11.251, 7.499, 11.749 ], "texture": "#texture" }
    }
},
{
    "__comment": "Wood1",
    "from": [ 7, 4, 7.75 ],
    "to": [ 7.75, 4.5, 8.25 ],
    "faces": {
        "down":  { "uv": [ 7.001, 11.751, 7.749, 11.999 ], "texture": "#texture" },
        "up":    { "uv": [ 7.001, 11.501, 7.749, 11.749 ], "texture": "#texture" },
        "north": { "uv": [ 7.749, 11.501, 7.001, 11.999 ], "texture": "#texture" },
        "south": { "uv": [ 7.001, 11.501, 7.749, 11.999 ], "texture": "#texture" },
        "west":  { "uv": [ 7.001, 11.501, 7.249, 11.999 ], "texture": "#texture" },
        "east":  { "uv": [ 7.501, 11.501, 7.749, 11.999 ], "texture": "#texture" }
    }
},
{
    "__comment": "Wood1",
    "from": [ 7.25, 3.75, 7.75 ],
    "to": [ 8, 4.25, 8.25 ],
    "faces": {
        "down":  { "uv": [ 7.251, 12.001, 7.999, 12.249 ], "texture": "#texture" },
        "up":    { "uv": [ 7.251, 11.751, 7.999, 11.999 ], "texture": "#texture" },
        "north": { "uv": [ 7.999, 11.751, 7.251, 12.249 ], "texture": "#texture" },
        "south": { "uv": [ 7.251, 11.751, 7.999, 12.249 ], "texture": "#texture" },
        "west":  { "uv": [ 7.251, 11.751, 7.499, 12.249 ], "texture": "#texture" },
        "east":  { "uv": [ 7.751, 11.751, 7.999, 12.249 ], "texture": "#texture" }
    }
},
{
    "__comment": "Wood1",
    "from": [ 7.5, 3.5, 7.75 ],
    "to": [ 8.25, 4, 8.25 ],
    "faces": {
        "down":  { "uv": [ 7.501, 12.251, 8.249, 12.499 ], "texture": "#texture" },
        "up":    { "uv": [ 7.501, 12.001, 8.249, 12.249 ], "texture": "#texture" },
        "north": { "uv": [ 8.249, 12.001, 7.501, 12.499 ], "texture": "#texture" },
        "south": { "uv": [ 7.501, 12.001, 8.249, 12.499 ], "texture": "#texture" },
        "west":  { "uv": [ 7.501, 12.001, 7.749, 12.499 ], "texture": "#texture" },
        "east":  { "uv": [ 8.001, 12.001, 8.249, 12.499 ], "texture": "#texture" }
    }
},
{
    "__comment": "Wood1",
    "from": [ 7.75, 3.25, 7.75 ],
    "to": [ 8.5, 3.75, 8.25 ],
    "faces": {
        "down":  { "uv": [ 7.751, 12.501, 8.499, 12.749 ], "texture": "#texture" },
        "up":    { "uv": [ 7.751, 12.251, 8.499, 12.499 ], "texture": "#texture" },
        "north": { "uv": [ 8.499, 12.251, 7.751, 12.749 ], "texture": "#texture" },
        "south": { "uv": [ 7.751, 12.251, 8.499, 12.749 ], "texture": "#texture" },
        "west":  { "uv": [ 7.751, 12.251, 7.999, 12.749 ], "texture": "#texture" },
        "east":  { "uv": [ 8.251, 12.251, 8.499, 12.749 ], "texture": "#texture" }
    }
},
{
    "__comment": "Wood1",
    "from": [ 8, 3, 7.75 ],
    "to": [ 8.75, 3.5, 8.25 ],
    "faces": {
        "down":  { "uv": [ 8.001, 12.751, 8.749, 12.999 ], "texture": "#texture" },
        "up":    { "uv": [ 8.001, 12.501, 8.749, 12.749 ], "texture": "#texture" },
        "north": { "uv": [ 8.749, 12.501, 8.001, 12.999 ], "texture": "#texture" },
        "south": { "uv": [ 8.001, 12.501, 8.749, 12.999 ], "texture": "#texture" },
        "west":  { "uv": [ 8.001, 12.501, 8.249, 12.999 ], "texture": "#texture" },
        "east":  { "uv": [ 8.501, 12.501, 8.749, 12.999 ], "texture": "#texture" }
    }
},
{
    "__comment": "Wood1",
    "from": [ 8.75, 3, 7.75 ],
    "to": [ 9, 3.25, 8.25 ],
    "faces": {
        "down":  { "uv": [ 8.751, 12.751, 8.999, 12.999 ], "texture": "#texture" },
        "up":    { "uv": [ 8.751, 12.751, 8.999, 12.999 ], "texture": "#texture" },
        "north": { "uv": [ 8.999, 12.751, 8.751, 12.999 ], "texture": "#texture" },
        "south": { "uv": [ 8.751, 12.751, 8.999, 12.999 ], "texture": "#texture" },
        "west":  { "uv": [ 8.751, 12.751, 8.999, 12.999 ], "texture": "#texture" },
        "east":  { "uv": [ 8.751, 12.751, 8.999, 12.999 ], "texture": "#texture" }
    }
},
{
    "__comment": "Wood1",
    "from": [ 8.25, 2.5, 7.75 ],
    "to": [ 9.25, 3, 8.25 ],
    "faces": {
        "down":  { "uv": [ 8.251, 13.251, 9.249, 13.499 ], "texture": "#texture" },
        "up":    { "uv": [ 8.251, 13.001, 9.249, 13.249 ], "texture": "#texture" },
        "north": { "uv": [ 9.249, 13.001, 8.251, 13.499 ], "texture": "#texture" },
        "south": { "uv": [ 8.251, 13.001, 9.249, 13.499 ], "texture": "#texture" },
        "west":  { "uv": [ 8.251, 13.001, 8.499, 13.499 ], "texture": "#texture" },
        "east":  { "uv": [ 9.001, 13.001, 9.249, 13.499 ], "texture": "#texture" }
    }
},
{
    "__comment": "Wood1",
    "from": [ 8.5, 2.25, 7.75 ],
    "to": [ 9.5, 2.5, 8.25 ],
    "faces": {
        "down":  { "uv": [ 8.501, 13.501, 9.499, 13.749 ], "texture": "#texture" },
        "up":    { "uv": [ 8.501, 13.501, 9.499, 13.749 ], "texture": "#texture" },
        "north": { "uv": [ 9.499, 13.501, 8.501, 13.749 ], "texture": "#texture" },
        "south": { "uv": [ 8.501, 13.501, 9.499, 13.749 ], "texture": "#texture" },
        "west":  { "uv": [ 8.501, 13.501, 8.749, 13.749 ], "texture": "#texture" },
        "east":  { "uv": [ 9.251, 13.501, 9.499, 13.749 ], "texture": "#texture" }
    }
},
{
    "__comment": "Wood1",
    "from": [ 8.75, 2, 7.75 ],
    "to": [ 9.5, 2.25, 8.25 ],
    "faces": {
        "down":  { "uv": [ 8.751, 13.751, 9.499, 13.999 ], "texture": "#texture" },
        "up":    { "uv": [ 8.751, 13.751, 9.499, 13.999 ], "texture": "#texture" },
        "north": { "uv": [ 9.499, 13.751, 8.751, 13.999 ], "texture": "#texture" },
        "south": { "uv": [ 8.751, 13.751, 9.499, 13.999 ], "texture": "#texture" },
        "west":  { "uv": [ 8.751, 13.751, 8.999, 13.999 ], "texture": "#texture" },
        "east":  { "uv": [ 9.251, 13.751, 9.499, 13.999 ], "texture": "#texture" }
    }
},
{
    "__comment": "Wood1",
    "from": [ 8.75, 1.5, 7.75 ],
    "to": [ 9.75, 2, 8.25 ],
    "faces": {
        "down":  { "uv": [ 8.751, 14.251, 9.749, 14.499 ], "texture": "#texture" },
        "up":    { "uv": [ 8.751, 14.001, 9.749, 14.249 ], "texture": "#texture" },
        "north": { "uv": [ 9.749, 14.001, 8.751, 14.499 ], "texture": "#texture" },
        "south": { "uv": [ 8.751, 14.001, 9.749, 14.499 ], "texture": "#texture" },
        "west":  { "uv": [ 8.751, 14.001, 8.999, 14.499 ], "texture": "#texture" },
        "east":  { "uv": [ 9.501, 14.001, 9.749, 14.499 ], "texture": "#texture" }
    }
},
{
    "__comment": "Wood1",
    "from": [ 9, 0.5, 7.75 ],
    "to": [ 9.75, 1.5, 8.25 ],
    "faces": {
        "down":  { "uv": [ 9.001, 15.251, 9.749, 15.499 ], "texture": "#texture" },
        "up":    { "uv": [ 9.001, 14.501, 9.749, 14.749 ], "texture": "#texture" },
        "north": { "uv": [ 9.749, 14.501, 9.001, 15.499 ], "texture": "#texture" },
        "south": { "uv": [ 9.001, 14.501, 9.749, 15.499 ], "texture": "#texture" },
        "west":  { "uv": [ 9.001, 14.501, 9.249, 15.499 ], "texture": "#texture" },
        "east":  { "uv": [ 9.501, 14.501, 9.749, 15.499 ], "texture": "#texture" }
    }
},
{
    "__comment": "Wood1",
    "from": [ 8.75, 0.25, 7.75 ],
    "to": [ 9.5, 0.5, 8.25 ],
    "faces": {
        "down":  { "uv": [ 8.751, 15.501, 9.499, 15.749 ], "texture": "#texture" },
        "up":    { "uv": [ 8.751, 15.501, 9.499, 15.749 ], "texture": "#texture" },
        "north": { "uv": [ 9.499, 15.501, 8.751, 15.749 ], "texture": "#texture" },
        "south": { "uv": [ 8.751, 15.501, 9.499, 15.749 ], "texture": "#texture" },
        "west":  { "uv": [ 8.751, 15.501, 8.999, 15.749 ], "texture": "#texture" },
        "east":  { "uv": [ 9.251, 15.501, 9.499, 15.749 ], "texture": "#texture" }
    }
},
{
    "__comment": "Wood1",
    "from": [ 8.75, 0, 7.75 ],
    "to": [ 9.25, 0.25, 8.25 ],
    "faces": {
        "down":  { "uv": [ 8.751, 15.751, 9.249, 15.999 ], "texture": "#texture" },
        "up":    { "uv": [ 8.751, 15.751, 9.249, 15.999 ], "texture": "#texture" },
        "north": { "uv": [ 9.249, 15.751, 8.751, 15.999 ], "texture": "#texture" },
        "south": { "uv": [ 8.751, 15.751, 9.249, 15.999 ], "texture": "#texture" },
        "west":  { "uv": [ 8.751, 15.751, 8.999, 15.999 ], "texture": "#texture" },
        "east":  { "uv": [ 9.001, 15.751, 9.249, 15.999 ], "texture": "#texture" }
    }
},
{
    "__comment": "Wood2",
    "from": [ 6.25, 6, 7.5 ],
    "to": [ 6.5, 6.75, 8.5 ],
    "faces": {
        "down":  { "uv": [ 6.251, 9.751, 6.499, 9.999 ], "texture": "#texture" },
        "up":    { "uv": [ 6.251, 9.251, 6.499, 9.499 ], "texture": "#texture" },
        "north": { "uv": [ 6.499, 9.251, 6.251, 9.999 ], "texture": "#texture" },
        "south": { "uv": [ 6.251, 9.251, 6.499, 9.999 ], "texture": "#texture" },
        "west":  { "uv": [ 6.251, 9.251, 6.499, 9.999 ], "texture": "#texture" },
        "east":  { "uv": [ 6.251, 9.251, 6.499, 9.999 ], "texture": "#texture" }
    }
},
{
    "__comment": "Wood2",
    "from": [ 6.5, 5.25, 7.5 ],
    "to": [ 6.75, 6.25, 8.5 ],
    "faces": {
        "down":  { "uv": [ 6.501, 10.501, 6.749, 10.749 ], "texture": "#texture" },
        "up":    { "uv": [ 6.501, 9.751, 6.749, 9.999 ], "texture": "#texture" },
        "north": { "uv": [ 6.749, 9.751, 6.501, 10.749 ], "texture": "#texture" },
        "south": { "uv": [ 6.501, 9.751, 6.749, 10.749 ], "texture": "#texture" },
        "west":  { "uv": [ 6.501, 9.751, 6.749, 10.749 ], "texture": "#texture" },
        "east":  { "uv": [ 6.501, 9.751, 6.749, 10.749 ], "texture": "#texture" }
    }
},
{
    "__comment": "Wood2",
    "from": [ 6.75, 4.5, 7.5 ],
    "to": [ 7, 5.25, 8.5 ],
    "faces": {
        "down":  { "uv": [ 6.751, 11.251, 6.999, 11.499 ], "texture": "#texture" },
        "up":    { "uv": [ 6.751, 10.751, 6.999, 10.999 ], "texture": "#texture" },
        "north": { "uv": [ 6.999, 10.751, 6.751, 11.499 ], "texture": "#texture" },
        "south": { "uv": [ 6.751, 10.751, 6.999, 11.499 ], "texture": "#texture" },
        "west":  { "uv": [ 6.751, 10.751, 6.999, 11.499 ], "texture": "#texture" },
        "east":  { "uv": [ 6.751, 10.751, 6.999, 11.499 ], "texture": "#texture" }
    }
},
{
    "__comment": "Wood2",
    "from": [ 7, 4.25, 7.5 ],
    "to": [ 7.25, 4.75, 8.5 ],
    "faces": {
        "down":  { "uv": [ 7.001, 11.501, 7.249, 11.749 ], "texture": "#texture" },
        "up":    { "uv": [ 7.001, 11.251, 7.249, 11.499 ], "texture": "#texture" },
        "north": { "uv": [ 7.249, 11.251, 7.001, 11.749 ], "texture": "#texture" },
        "south": { "uv": [ 7.001, 11.251, 7.249, 11.749 ], "texture": "#texture" },
        "west":  { "uv": [ 7.001, 11.251, 7.249, 11.749 ], "texture": "#texture" },
        "east":  { "uv": [ 7.001, 11.251, 7.249, 11.749 ], "texture": "#texture" }
    }
},
{
    "__comment": "Wood2",
    "from": [ 7.25, 4, 7.5 ],
    "to": [ 7.5, 4.5, 8.5 ],
    "faces": {
        "down":  { "uv": [ 7.251, 11.751, 7.499, 11.999 ], "texture": "#texture" },
        "up":    { "uv": [ 7.251, 11.501, 7.499, 11.749 ], "texture": "#texture" },
        "north": { "uv": [ 7.499, 11.501, 7.251, 11.999 ], "texture": "#texture" },
        "south": { "uv": [ 7.251, 11.501, 7.499, 11.999 ], "texture": "#texture" },
        "west":  { "uv": [ 7.251, 11.501, 7.499, 11.999 ], "texture": "#texture" },
        "east":  { "uv": [ 7.251, 11.501, 7.499, 11.999 ], "texture": "#texture" }
    }
},
{
    "__comment": "Wood2",
    "from": [ 7.5, 3.75, 7.5 ],
    "to": [ 7.75, 4.25, 8.5 ],
    "faces": {
        "down":  { "uv": [ 7.501, 12.001, 7.749, 12.249 ], "texture": "#texture" },
        "up":    { "uv": [ 7.501, 11.751, 7.749, 11.999 ], "texture": "#texture" },
        "north": { "uv": [ 7.749, 11.751, 7.501, 12.249 ], "texture": "#texture" },
        "south": { "uv": [ 7.501, 11.751, 7.749, 12.249 ], "texture": "#texture" },
        "west":  { "uv": [ 7.501, 11.751, 7.749, 12.249 ], "texture": "#texture" },
        "east":  { "uv": [ 7.501, 11.751, 7.749, 12.249 ], "texture": "#texture" }
    }
},
{
    "__comment": "Wood2",
    "from": [ 7.75, 3.5, 7.5 ],
    "to": [ 8, 4, 8.5 ],
    "faces": {
        "down":  { "uv": [ 7.751, 12.251, 7.999, 12.499 ], "texture": "#texture" },
        "up":    { "uv": [ 7.751, 12.001, 7.999, 12.249 ], "texture": "#texture" },
        "north": { "uv": [ 7.999, 12.001, 7.751, 12.499 ], "texture": "#texture" },
        "south": { "uv": [ 7.751, 12.001, 7.999, 12.499 ], "texture": "#texture" },
        "west":  { "uv": [ 7.751, 12.001, 7.999, 12.499 ], "texture": "#texture" },
        "east":  { "uv": [ 7.751, 12.001, 7.999, 12.499 ], "texture": "#texture" }
    }
},
{
    "__comment": "Wood2",
    "from": [ 8, 3.25, 7.5 ],
    "to": [ 8.25, 3.75, 8.5 ],
    "faces": {
        "down":  { "uv": [ 8.001, 12.501, 8.249, 12.749 ], "texture": "#texture" },
        "up":    { "uv": [ 8.001, 12.251, 8.249, 12.499 ], "texture": "#texture" },
        "north": { "uv": [ 8.249, 12.251, 8.001, 12.749 ], "texture": "#texture" },
        "south": { "uv": [ 8.001, 12.251, 8.249, 12.749 ], "texture": "#texture" },
        "west":  { "uv": [ 8.001, 12.251, 8.249, 12.749 ], "texture": "#texture" },
        "east":  { "uv": [ 8.001, 12.251, 8.249, 12.749 ], "texture": "#texture" }
    }
},
{
    "__comment": "Wood2",
    "from": [ 8.25, 3, 7.5 ],
    "to": [ 8.5, 3.5, 8.5 ],
    "faces": {
        "down":  { "uv": [ 8.251, 12.751, 8.499, 12.999 ], "texture": "#texture" },
        "up":    { "uv": [ 8.251, 12.501, 8.499, 12.749 ], "texture": "#texture" },
        "north": { "uv": [ 8.499, 12.501, 8.251, 12.999 ], "texture": "#texture" },
        "south": { "uv": [ 8.251, 12.501, 8.499, 12.999 ], "texture": "#texture" },
        "west":  { "uv": [ 8.251, 12.501, 8.499, 12.999 ], "texture": "#texture" },
        "east":  { "uv": [ 8.251, 12.501, 8.499, 12.999 ], "texture": "#texture" }
    }
},
{
    "__comment": "Wood2",
    "from": [ 8.5, 3, 7.5 ],
    "to": [ 8.75, 3.25, 8.5 ],
    "faces": {
        "down":  { "uv": [ 8.501, 12.751, 8.749, 12.999 ], "texture": "#texture" },
        "up":    { "uv": [ 8.501, 12.751, 8.749, 12.999 ], "texture": "#texture" },
        "north": { "uv": [ 8.749, 12.751, 8.501, 12.999 ], "texture": "#texture" },
        "south": { "uv": [ 8.501, 12.751, 8.749, 12.999 ], "texture": "#texture" },
        "west":  { "uv": [ 8.501, 12.751, 8.749, 12.999 ], "texture": "#texture" },
        "east":  { "uv": [ 8.501, 12.751, 8.749, 12.999 ], "texture": "#texture" }
    }
},
{
    "__comment": "Wood2",
    "from": [ 8.5, 2.5, 7.5 ],
    "to": [ 9, 3, 8.5 ],
    "faces": {
        "down":  { "uv": [ 8.501, 13.251, 8.999, 13.499 ], "texture": "#texture" },
        "up":    { "uv": [ 8.501, 13.001, 8.999, 13.249 ], "texture": "#texture" },
        "north": { "uv": [ 8.999, 13.001, 8.501, 13.499 ], "texture": "#texture" },
        "south": { "uv": [ 8.501, 13.001, 8.999, 13.499 ], "texture": "#texture" },
        "west":  { "uv": [ 8.501, 13.001, 8.749, 13.499 ], "texture": "#texture" },
        "east":  { "uv": [ 8.751, 13.001, 8.999, 13.499 ], "texture": "#texture" }
    }
},
{
    "__comment": "Wood2",
    "from": [ 8.75, 2.25, 7.5 ],
    "to": [ 9.25, 2.5, 8.5 ],
    "faces": {
        "down":  { "uv": [ 8.751, 13.501, 9.249, 13.749 ], "texture": "#texture" },
        "up":    { "uv": [ 8.751, 13.501, 9.249, 13.749 ], "texture": "#texture" },
        "north": { "uv": [ 9.249, 13.501, 8.751, 13.749 ], "texture": "#texture" },
        "south": { "uv": [ 8.751, 13.501, 9.249, 13.749 ], "texture": "#texture" },
        "west":  { "uv": [ 8.751, 13.501, 8.999, 13.749 ], "texture": "#texture" },
        "east":  { "uv": [ 9.001, 13.501, 9.249, 13.749 ], "texture": "#texture" }
    }
},
{
    "__comment": "Wood2",
    "from": [ 9, 2, 7.5 ],
    "to": [ 9.25, 2.25, 8.5 ],
    "faces": {
        "down":  { "uv": [ 9.001, 13.751, 9.249, 13.999 ], "texture": "#texture" },
        "up":    { "uv": [ 9.001, 13.751, 9.249, 13.999 ], "texture": "#texture" },
        "north": { "uv": [ 9.249, 13.751, 9.001, 13.999 ], "texture": "#texture" },
        "south": { "uv": [ 9.001, 13.751, 9.249, 13.999 ], "texture": "#texture" },
        "west":  { "uv": [ 9.001, 13.751, 9.249, 13.999 ], "texture": "#texture" },
        "east":  { "uv": [ 9.001, 13.751, 9.249, 13.999 ], "texture": "#texture" }
    }
},
{
    "__comment": "Wood2",
    "from": [ 9, 1.5, 7.5 ],
    "to": [ 9.5, 2, 8.5 ],
    "faces": {
        "down":  { "uv": [ 9.001, 14.251, 9.499, 14.499 ], "texture": "#texture" },
        "up":    { "uv": [ 9.001, 14.001, 9.499, 14.249 ], "texture": "#texture" },
        "north": { "uv": [ 9.499, 14.001, 9.001, 14.499 ], "texture": "#texture" },
        "south": { "uv": [ 9.001, 14.001, 9.499, 14.499 ], "texture": "#texture" },
        "west":  { "uv": [ 9.001, 14.001, 9.249, 14.499 ], "texture": "#texture" },
        "east":  { "uv": [ 9.251, 14.001, 9.499, 14.499 ], "texture": "#texture" }
    }
},
{
    "__comment": "Wood2",
    "from": [ 9.25, 0.5, 7.5 ],
    "to": [ 9.5, 1.5, 8.5 ],
    "faces": {
        "down":  { "uv": [ 9.251, 15.251, 9.499, 15.499 ], "texture": "#texture" },
        "up":    { "uv": [ 9.251, 14.501, 9.499, 14.749 ], "texture": "#texture" },
        "north": { "uv": [ 9.499, 14.501, 9.251, 15.499 ], "texture": "#texture" },
        "south": { "uv": [ 9.251, 14.501, 9.499, 15.499 ], "texture": "#texture" },
        "west":  { "uv": [ 9.251, 14.501, 9.499, 15.499 ], "texture": "#texture" },
        "east":  { "uv": [ 9.251, 14.501, 9.499, 15.499 ], "texture": "#texture" }
    }
},
{
    "__comment": "Wood2",
    "from": [ 9, 0.25, 7.5 ],
    "to": [ 9.25, 0.5, 8.5 ],
    "faces": {
        "down":  { "uv": [ 9.001, 15.501, 9.249, 15.749 ], "texture": "#texture" },
        "up":    { "uv": [ 9.001, 15.501, 9.249, 15.749 ], "texture": "#texture" },
        "north": { "uv": [ 9.249, 15.501, 9.001, 15.749 ], "texture": "#texture" },
        "south": { "uv": [ 9.001, 15.501, 9.249, 15.749 ], "texture": "#texture" },
        "west":  { "uv": [ 9.001, 15.501, 9.249, 15.749 ], "texture": "#texture" },
        "east":  { "uv": [ 9.001, 15.501, 9.249, 15.749 ], "texture": "#texture" }
    }
},
{
    "__comment": "String",
    "from": [ 9.5, 2, 7.875 ],
    "to": [ 9.75, 14, 8.125 ],
    "faces": {
        "down":  { "uv": [ 9.749, 8.124, 9.501, 7.876 ], "texture": "#texture" },
        "up":    { "uv": [ 9.501, 7.876, 9.749, 8.124 ], "texture": "#texture" },
        "north": { "uv": [ 9.501, 2.001, 9.749, 13.999 ], "texture": "#texture" },
        "south": { "uv": [ 9.501, 2.001, 9.749, 13.999 ], "texture": "#texture" },
        "west":  { "uv": [ 9.501, 2.001, 9.749, 13.999 ], "texture": "#texture" },
        "east":  { "uv": [ 9.501, 2.001, 9.749, 13.999 ], "texture": "#texture" }
    }
}
],
"display": {
    "thirdperson": {
        "rotation": [ 0, -90, -90 ],
        "translation": [ 0.8, 0, -0.4 ],
        "scale": [ 1.8, 1.8, 1.8 ]
    },
    "ground": {
        "rotation": [ -90, 0, 0 ],
        "translation": [ 0, -15, 0 ],
        "scale": [ 2.7, 2.7, 2.7 ]
    },
    "fixed": {
        "rotation": [ 0, 180, -45 ],
        "translation": [ 1.3, 1.3, -0.57 ],
        "scale": [ 3.2, 3.2, 3.2 ]
    },
    "firstperson": {
        "rotation": [ 0, -135, 0 ],
        "translation": [ 0, 7.2, 0 ],
        "scale": [ 2.6, 2.6, 2.6 ]
    },
    "gui": {
        "rotation": [ -30, 135, -45 ],
        "translation": [ 0, 0.5, 1 ],
        "scale": [ 2.1, 2.1, 2.1 ]
    }
}
}