{
"__comment": "Designed by Sibsib92 with BDcraft Cubik PRO 0.95 Beta - http://bdcraft.net",
"ambientocclusion": false,
"textures": {
    "particle": "blocks/endframe_top",
    "texture": "blocks/end_stone",
    "cyan": "blocks/prismarine_dark",
    "ender_eye": "items/ender_eye"
},
"elements": [ 
{
    "__comment": "Ball",
    "from": [ 7, 12.5, 5 ],
    "to": [ 9, 13.5, 11 ],
    "faces": {
        "down":  { "uv": [ 10, 14, 6, 2 ], "texture": "#ender_eye" },
        "up":    { "uv": [ 6, 2, 10, 14 ], "texture": "#ender_eye" },
        "north": { "uv": [ 6, 7, 10, 9 ], "texture": "#ender_eye" },
        "south": { "uv": [ 6, 7, 10, 9 ], "texture": "#ender_eye" },
        "west":  { "uv": [ 2, 7, 14, 9 ], "texture": "#ender_eye" },
        "east":  { "uv": [ 2, 7, 14, 9 ], "texture": "#ender_eye" }
    }
},
{
    "__comment": "Ball",
    "from": [ 5, 12.5, 7 ],
    "to": [ 11, 13.5, 9 ],
    "faces": {
        "down":  { "uv": [ 14, 10, 2, 6 ], "texture": "#ender_eye" },
        "up":    { "uv": [ 2, 6, 14, 10 ], "texture": "#ender_eye" },
        "north": { "uv": [ 2, 7, 14, 9 ], "texture": "#ender_eye" },
        "south": { "uv": [ 2, 7, 14, 9 ], "texture": "#ender_eye" },
        "west":  { "uv": [ 6, 7, 10, 9 ], "texture": "#ender_eye" },
        "east":  { "uv": [ 6, 7, 10, 9 ], "texture": "#ender_eye" }
    }
},
{
    "__comment": "Ball",
    "from": [ 7, 10, 7.5 ],
    "to": [ 9, 16, 8.5 ],
    "faces": {
        "up":    { "uv": [ 6, 7, 10, 9 ], "texture": "#ender_eye" },
        "north": { "uv": [ 6, 2, 10, 14 ], "texture": "#ender_eye" },
        "south": { "uv": [ 6, 2, 10, 14 ], "texture": "#ender_eye" },
        "west":  { "uv": [ 7, 2, 9, 14 ], "texture": "#ender_eye" },
        "east":  { "uv": [ 7, 2, 9, 14 ], "texture": "#ender_eye" }
    }
},
{
    "__comment": "Ball",
    "from": [ 5, 12, 7.5 ],
    "to": [ 11, 14, 8.5 ],
    "faces": {
        "down":  { "uv": [ 14, 9, 2, 7 ], "texture": "#ender_eye" },
        "up":    { "uv": [ 2, 7, 14, 9 ], "texture": "#ender_eye" },
        "north": { "uv": [ 2, 6, 14, 10 ], "texture": "#ender_eye" },
        "south": { "uv": [ 2, 6, 14, 10 ], "texture": "#ender_eye" },
        "west":  { "uv": [ 7, 6, 9, 10 ], "texture": "#ender_eye" },
        "east":  { "uv": [ 7, 6, 9, 10 ], "texture": "#ender_eye" }
    }
},
{
    "__comment": "Ball",
    "from": [ 7.5, 10, 7 ],
    "to": [ 8.5, 16, 9 ],
    "faces": {
        "up":    { "uv": [ 7, 6, 9, 10 ], "texture": "#ender_eye" },
        "north": { "uv": [ 7, 2, 9, 14 ], "texture": "#ender_eye" },
        "south": { "uv": [ 7, 2, 9, 14 ], "texture": "#ender_eye" },
        "west":  { "uv": [ 6, 2, 10, 14 ], "texture": "#ender_eye" },
        "east":  { "uv": [ 6, 2, 10, 14 ], "texture": "#ender_eye" }
    }
},
{
    "__comment": "Ball",
    "from": [ 7.5, 12, 5 ],
    "to": [ 8.5, 14, 11 ],
    "faces": {
        "down":  { "uv": [ 9, 14, 7, 2 ], "texture": "#ender_eye" },
        "up":    { "uv": [ 7, 2, 9, 14 ], "texture": "#ender_eye" },
        "north": { "uv": [ 7, 6, 9, 10 ], "texture": "#ender_eye" },
        "south": { "uv": [ 7, 6, 9, 10 ], "texture": "#ender_eye" },
        "west":  { "uv": [ 2, 6, 14, 10 ], "texture": "#ender_eye" },
        "east":  { "uv": [ 2, 6, 14, 10 ], "texture": "#ender_eye" }
    }
},
{
    "__comment": "Ball",
    "from": [ 6, 11.5, 5.5 ],
    "to": [ 10, 14.5, 10.5 ],
    "faces": {
        "down":  { "uv": [ 12, 13, 4, 3 ], "texture": "#ender_eye" },
        "up":    { "uv": [ 4, 3, 12, 13 ], "texture": "#ender_eye" },
        "north": { "uv": [ 4, 5, 12, 11 ], "texture": "#ender_eye" },
        "south": { "uv": [ 4, 5, 12, 11 ], "texture": "#ender_eye" },
        "west":  { "uv": [ 3, 5, 13, 11 ], "texture": "#ender_eye" },
        "east":  { "uv": [ 3, 5, 13, 11 ], "texture": "#ender_eye" }
    }
},
{
    "__comment": "Ball",
    "from": [ 5.5, 11.5, 6 ],
    "to": [ 10.5, 14.5, 10 ],
    "faces": {
        "down":  { "uv": [ 13, 12, 3, 4 ], "texture": "#ender_eye" },
        "up":    { "uv": [ 3, 4, 13, 12 ], "texture": "#ender_eye" },
        "north": { "uv": [ 3, 5, 13, 11 ], "texture": "#ender_eye" },
        "south": { "uv": [ 3, 5, 13, 11 ], "texture": "#ender_eye" },
        "west":  { "uv": [ 4, 5, 12, 11 ], "texture": "#ender_eye" },
        "east":  { "uv": [ 4, 5, 12, 11 ], "texture": "#ender_eye" }
    }
},
{
    "__comment": "Ball",
    "from": [ 6, 10.5, 6.5 ],
    "to": [ 10, 15.5, 9.5 ],
    "faces": {
        "up":    { "uv": [ 4, 5, 12, 11 ], "texture": "#ender_eye" },
        "north": { "uv": [ 4, 3, 12, 13 ], "texture": "#ender_eye" },
        "south": { "uv": [ 4, 3, 12, 13 ], "texture": "#ender_eye" },
        "west":  { "uv": [ 5, 3, 11, 13 ], "texture": "#ender_eye" },
        "east":  { "uv": [ 5, 3, 11, 13 ], "texture": "#ender_eye" }
    }
},
{
    "__comment": "Ball",
    "from": [ 5.5, 11, 6.5 ],
    "to": [ 10.5, 15, 9.5 ],
    "faces": {
        "up":    { "uv": [ 3, 5, 13, 11 ], "texture": "#ender_eye" },
        "north": { "uv": [ 3, 4, 13, 12 ], "texture": "#ender_eye" },
        "south": { "uv": [ 3, 4, 13, 12 ], "texture": "#ender_eye" },
        "west":  { "uv": [ 5, 4, 11, 12 ], "texture": "#ender_eye" },
        "east":  { "uv": [ 5, 4, 11, 12 ], "texture": "#ender_eye" }
    }
},
{
    "__comment": "Ball",
    "from": [ 6.5, 10.5, 6 ],
    "to": [ 9.5, 15.5, 10 ],
    "faces": {
        "up":    { "uv": [ 5, 4, 11, 12 ], "texture": "#ender_eye" },
        "north": { "uv": [ 5, 3, 11, 13 ], "texture": "#ender_eye" },
        "south": { "uv": [ 5, 3, 11, 13 ], "texture": "#ender_eye" },
        "west":  { "uv": [ 4, 3, 12, 13 ], "texture": "#ender_eye" },
        "east":  { "uv": [ 4, 3, 12, 13 ], "texture": "#ender_eye" }
    }
},
{
    "__comment": "Ball",
    "from": [ 6.5, 11, 5.5 ],
    "to": [ 9.5, 15, 10.5 ],
    "faces": {
        "up":    { "uv": [ 5, 3, 11, 13 ], "texture": "#ender_eye" },
        "north": { "uv": [ 5, 4, 11, 12 ], "texture": "#ender_eye" },
        "south": { "uv": [ 5, 4, 11, 12 ], "texture": "#ender_eye" },
        "west":  { "uv": [ 3, 4, 13, 12 ], "texture": "#ender_eye" },
        "east":  { "uv": [ 3, 4, 13, 12 ], "texture": "#ender_eye" }
    }
},
{
    "__comment": "Ball",
    "from": [ 6, 11, 6 ],
    "to": [ 10, 15, 10 ],
    "faces": {
        "up":    { "uv": [ 4, 4, 12, 12 ], "texture": "#ender_eye" },
        "north": { "uv": [ 4, 4, 12, 12 ], "texture": "#ender_eye" },
        "south": { "uv": [ 4, 4, 12, 12 ], "texture": "#ender_eye" },
        "west":  { "uv": [ 4, 4, 12, 12 ], "texture": "#ender_eye" },
        "east":  { "uv": [ 4, 4, 12, 12 ], "texture": "#ender_eye" }
    }
},
{
    "__comment": "Mid",
    "from": [ 0.5, 0, 0.5 ],
    "to": [ 15.5, 11, 15.5 ],
    "faces": {
        "down":  { "uv": [ 15.5, 15.5, 0.5, 0.5 ], "texture": "#texture" },
        "up":    { "uv": [ 0.5, 0.5, 15.5, 15.5 ], "texture": "#particle" },
        "north": { "uv": [ 0.5, 5, 15.5, 16 ], "texture": "#texture" },
        "south": { "uv": [ 0.5, 5, 15.5, 16 ], "texture": "#texture" },
        "west":  { "uv": [ 0.5, 5, 15.5, 16 ], "texture": "#texture" },
        "east":  { "uv": [ 0.5, 5, 15.5, 16 ], "texture": "#texture" }
    }
},
{
    "__comment": "Mid End",
    "from": [ 0.5, 11, 0.5 ],
    "to": [ 4, 12, 15.5 ],
    "faces": {
        "up":    { "uv": [ 0.5, 0.5, 4, 15.5 ], "texture": "#texture" },
        "north": { "uv": [ 12, 4, 15.5, 5 ], "texture": "#texture" },
        "south": { "uv": [ 0.5, 4, 4, 5 ], "texture": "#texture" },
        "west":  { "uv": [ 0.5, 4, 15.5, 5 ], "texture": "#texture" },
        "east":  { "uv": [ 0.5, 4, 15.5, 5 ], "texture": "#texture" }
    }
},
{
    "__comment": "Mid End",
    "from": [ 12, 11, 0.5 ],
    "to": [ 15.5, 12, 15.5 ],
    "faces": {
        "up":    { "uv": [ 12, 0.5, 15.5, 15.5 ], "texture": "#texture" },
        "north": { "uv": [ 0.5, 4, 4, 5 ], "texture": "#texture" },
        "south": { "uv": [ 12, 4, 15.5, 5 ], "texture": "#texture" },
        "west":  { "uv": [ 0.5, 4, 15.5, 5 ], "texture": "#texture" },
        "east":  { "uv": [ 0.5, 4, 15.5, 5 ], "texture": "#texture" }
    }
},
{
    "__comment": "Mid End",
    "from": [ 4, 11, 0.5 ],
    "to": [ 12, 12, 4 ],
    "faces": {
        "up":    { "uv": [ 4, 0.5, 12, 4 ], "texture": "#texture" },
        "north": { "uv": [ 4, 4, 12, 5 ], "texture": "#texture" }
    }
},
{
    "__comment": "Mid End",
    "from": [ 4, 11, 12 ],
    "to": [ 12, 12, 15.5 ],
    "faces": {
        "up":    { "uv": [ 4, 12, 12, 15.5 ], "texture": "#texture" },
        "north": { "uv": [ 4, 4, 12, 5 ], "texture": "#texture" },
        "south": { "uv": [ 4, 4, 12, 5 ], "texture": "#texture" }
    }
},
{
    "__comment": "Cyan Corner",
    "from": [ 0, 9, 0 ],
    "to": [ 2, 10, 2 ],
    "faces": {
        "north": { "uv": [ 14, 6, 16, 7 ], "texture": "#cyan" },
        "south": { "uv": [ 0, 6, 2, 7 ], "texture": "#cyan" },
        "west":  { "uv": [ 0, 6, 2, 7 ], "texture": "#cyan" },
        "east":  { "uv": [ 14, 6, 16, 7 ], "texture": "#cyan" }
    }
},
{
    "__comment": "Cyan Corner",
    "from": [ 14, 9, 0 ],
    "to": [ 16, 10, 2 ],
    "faces": {
        "north": { "uv": [ 0, 6, 2, 7 ], "texture": "#cyan" },
        "south": { "uv": [ 14, 6, 16, 7 ], "texture": "#cyan" },
        "west":  { "uv": [ 0, 6, 2, 7 ], "texture": "#cyan" },
        "east":  { "uv": [ 14, 6, 16, 7 ], "texture": "#cyan" }
    }
},
{
    "__comment": "Cyan Corner",
    "from": [ 0, 9, 14 ],
    "to": [ 2, 10, 16 ],
    "faces": {
        "north": { "uv": [ 14, 6, 16, 7 ], "texture": "#cyan" },
        "south": { "uv": [ 0, 6, 2, 7 ], "texture": "#cyan" },
        "west":  { "uv": [ 14, 6, 16, 7 ], "texture": "#cyan" },
        "east":  { "uv": [ 0, 6, 2, 7 ], "texture": "#cyan" }
    }
},
{
    "__comment": "Cyan Corner",
    "from": [ 14, 9, 14 ],
    "to": [ 16, 10, 16 ],
    "faces": {
        "north": { "uv": [ 0, 6, 2, 7 ], "texture": "#cyan" },
        "south": { "uv": [ 14, 6, 16, 7 ], "texture": "#cyan" },
        "west":  { "uv": [ 14, 6, 16, 7 ], "texture": "#cyan" },
        "east":  { "uv": [ 0, 6, 2, 7 ], "texture": "#cyan" }
    }
},
{
    "__comment": "Cyan Corner",
    "from": [ 0, 8, 0 ],
    "to": [ 3, 9, 3 ],
    "faces": {
        "down":  { "uv": [ 16, 3, 13, 0 ], "texture": "#cyan" },
        "up":    { "uv": [ 0, 0, 3, 3 ], "texture": "#cyan" },
        "north": { "uv": [ 13, 7, 16, 8 ], "texture": "#cyan" },
        "south": { "uv": [ 0, 7, 3, 8 ], "texture": "#cyan" },
        "west":  { "uv": [ 0, 7, 3, 8 ], "texture": "#cyan" },
        "east":  { "uv": [ 13, 7, 16, 8 ], "texture": "#cyan" }
    }
},
{
    "__comment": "Cyan Corner",
    "from": [ 13, 8, 0 ],
    "to": [ 16, 9, 3 ],
    "faces": {
        "down":  { "uv": [ 3, 3, 0, 0 ], "texture": "#cyan" },
        "up":    { "uv": [ 13, 0, 16, 3 ], "texture": "#cyan" },
        "north": { "uv": [ 0, 7, 3, 8 ], "texture": "#cyan" },
        "south": { "uv": [ 13, 7, 16, 8 ], "texture": "#cyan" },
        "west":  { "uv": [ 0, 7, 3, 8 ], "texture": "#cyan" },
        "east":  { "uv": [ 13, 7, 16, 8 ], "texture": "#cyan" }
    }
},
{
    "__comment": "Cyan Corner",
    "from": [ 0, 8, 13 ],
    "to": [ 3, 9, 16 ],
    "faces": {
        "down":  { "uv": [ 16, 16, 13, 13 ], "texture": "#cyan" },
        "up":    { "uv": [ 0, 13, 3, 16 ], "texture": "#cyan" },
        "north": { "uv": [ 13, 7, 16, 8 ], "texture": "#cyan" },
        "south": { "uv": [ 0, 7, 3, 8 ], "texture": "#cyan" },
        "west":  { "uv": [ 13, 7, 16, 8 ], "texture": "#cyan" },
        "east":  { "uv": [ 0, 7, 3, 8 ], "texture": "#cyan" }
    }
},
{
    "__comment": "Cyan Corner",
    "from": [ 13, 8, 13 ],
    "to": [ 16, 9, 16 ],
    "faces": {
        "down":  { "uv": [ 3, 16, 0, 13 ], "texture": "#cyan" },
        "up":    { "uv": [ 13, 13, 16, 16 ], "texture": "#cyan" },
        "north": { "uv": [ 0, 7, 3, 8 ], "texture": "#cyan" },
        "south": { "uv": [ 13, 7, 16, 8 ], "texture": "#cyan" },
        "west":  { "uv": [ 13, 7, 16, 8 ], "texture": "#cyan" },
        "east":  { "uv": [ 0, 7, 3, 8 ], "texture": "#cyan" }
    }
},
{
    "__comment": "Cyan",
    "from": [ 0, 7, 2 ],
    "to": [ 16, 8, 14 ],
    "faces": {
        "down":  { "uv": [ 16, 14, 0, 2 ], "texture": "#cyan" },
        "up":    { "uv": [ 0, 2, 16, 14 ], "texture": "#cyan" },
        "north": { "uv": [ 0, 8, 16, 9 ], "texture": "#cyan" },
        "south": { "uv": [ 0, 8, 16, 9 ], "texture": "#cyan" },
        "west":  { "uv": [ 2, 8, 14, 9 ], "texture": "#cyan" },
        "east":  { "uv": [ 2, 8, 14, 9 ], "texture": "#cyan" }
    }
},
{
    "__comment": "Cyan",
    "from": [ 2, 7, 0 ],
    "to": [ 14, 8, 16 ],
    "faces": {
        "down":  { "uv": [ 14, 16, 2, 0 ], "texture": "#cyan" },
        "up":    { "uv": [ 2, 0, 14, 16 ], "texture": "#cyan" },
        "north": { "uv": [ 2, 8, 14, 9 ], "texture": "#cyan" },
        "south": { "uv": [ 2, 8, 14, 9 ], "texture": "#cyan" },
        "west":  { "uv": [ 0, 8, 16, 9 ], "texture": "#cyan" },
        "east":  { "uv": [ 0, 8, 16, 9 ], "texture": "#cyan" }
    }
},
{
    "__comment": "Cyan",
    "from": [ 0, 10, 0 ],
    "to": [ 3, 13, 3 ],
    "faces": {
        "down":  { "uv": [ 16, 3, 13, 0 ], "texture": "#cyan" },
        "up":    { "uv": [ 0, 0, 3, 3 ], "texture": "#cyan" },
        "north": { "uv": [ 13, 3, 16, 6 ], "texture": "#cyan" },
        "south": { "uv": [ 0, 3, 3, 6 ], "texture": "#cyan" },
        "west":  { "uv": [ 0, 3, 3, 6 ], "texture": "#cyan" },
        "east":  { "uv": [ 13, 3, 16, 6 ], "texture": "#cyan" }
    }
},
{
    "__comment": "Cyan",
    "from": [ 13, 10, 0 ],
    "to": [ 16, 13, 3 ],
    "faces": {
        "down":  { "uv": [ 3, 3, 0, 0 ], "texture": "#cyan" },
        "up":    { "uv": [ 13, 0, 16, 3 ], "texture": "#cyan" },
        "north": { "uv": [ 0, 3, 3, 6 ], "texture": "#cyan" },
        "south": { "uv": [ 13, 3, 16, 6 ], "texture": "#cyan" },
        "west":  { "uv": [ 0, 3, 3, 6 ], "texture": "#cyan" },
        "east":  { "uv": [ 13, 3, 16, 6 ], "texture": "#cyan" }
    }
},
{
    "__comment": "Cyan",
    "from": [ 0, 10, 13 ],
    "to": [ 3, 13, 16 ],
    "faces": {
        "down":  { "uv": [ 16, 16, 13, 13 ], "texture": "#cyan" },
        "up":    { "uv": [ 0, 13, 3, 16 ], "texture": "#cyan" },
        "north": { "uv": [ 13, 3, 16, 6 ], "texture": "#cyan" },
        "south": { "uv": [ 0, 3, 3, 6 ], "texture": "#cyan" },
        "west":  { "uv": [ 13, 3, 16, 6 ], "texture": "#cyan" },
        "east":  { "uv": [ 0, 3, 3, 6 ], "texture": "#cyan" }
    }
},
{
    "__comment": "Cyan",
    "from": [ 13, 10, 13 ],
    "to": [ 16, 13, 16 ],
    "faces": {
        "down":  { "uv": [ 3, 16, 0, 13 ], "texture": "#cyan" },
        "up":    { "uv": [ 13, 13, 16, 16 ], "texture": "#cyan" },
        "north": { "uv": [ 0, 3, 3, 6 ], "texture": "#cyan" },
        "south": { "uv": [ 13, 3, 16, 6 ], "texture": "#cyan" },
        "west":  { "uv": [ 13, 3, 16, 6 ], "texture": "#cyan" },
        "east":  { "uv": [ 0, 3, 3, 6 ], "texture": "#cyan" }
    }
},
{
    "__comment": "Cyan",
    "from": [ 3, 11, 0 ],
    "to": [ 13, 13, 1 ],
    "faces": {
        "down":  { "uv": [ 13, 1, 3, 0 ], "texture": "#cyan" },
        "up":    { "uv": [ 3, 0, 13, 1 ], "texture": "#cyan" },
        "north": { "uv": [ 3, 3, 13, 5 ], "texture": "#cyan" },
        "south": { "uv": [ 3, 3, 13, 5 ], "texture": "#cyan" }
    }
},
{
    "__comment": "Cyan",
    "from": [ 3, 11, 15 ],
    "to": [ 13, 13, 16 ],
    "faces": {
        "down":  { "uv": [ 13, 16, 3, 15 ], "texture": "#cyan" },
        "up":    { "uv": [ 3, 15, 13, 16 ], "texture": "#cyan" },
        "north": { "uv": [ 3, 3, 13, 5 ], "texture": "#cyan" },
        "south": { "uv": [ 3, 3, 13, 5 ], "texture": "#cyan" }
    }
},
{
    "__comment": "Cyan",
    "from": [ 0, 11, 3 ],
    "to": [ 1, 13, 13 ],
    "faces": {
        "down":  { "uv": [ 16, 13, 15, 3 ], "texture": "#cyan" },
        "up":    { "uv": [ 0, 3, 1, 13 ], "texture": "#cyan" },
        "west":  { "uv": [ 3, 3, 13, 5 ], "texture": "#cyan" },
        "east":  { "uv": [ 3, 3, 13, 5 ], "texture": "#cyan" }
    }
},
{
    "__comment": "Cyan",
    "from": [ 15, 11, 3 ],
    "to": [ 16, 13, 13 ],
    "faces": {
        "down":  { "uv": [ 1, 13, 0, 3 ], "texture": "#cyan" },
        "up":    { "uv": [ 15, 3, 16, 13 ], "texture": "#cyan" },
        "west":  { "uv": [ 3, 3, 13, 5 ], "texture": "#cyan" },
        "east":  { "uv": [ 3, 3, 13, 5 ], "texture": "#cyan" }
    }
},
{
    "__comment": "Diag Mid",
    "from": [ 4, 10.5, 4 ],
    "to": [ 5.5, 12, 12 ],
    "rotation": { "origin": [ 4, 12, 4 ], "axis": "z", "angle": -45 },
    "faces": {
        "up":    { "uv": [ 4, 4, 5, 12 ], "texture": "#particle" }
    }
},
{
    "__comment": "Diag Mid",
    "from": [ 4, 10.5, 4 ],
    "to": [ 12, 12, 5.5 ],
    "rotation": { "origin": [ 4, 12, 4 ], "axis": "x", "angle": 45 },
    "faces": {
        "up":    { "uv": [ 4, 4, 12, 5 ], "texture": "#particle" }
    }
},
{
    "__comment": "Diag Mid",
    "from": [ 10.9375, 9.4375, 4 ],
    "to": [ 12.4375, 10.9375, 12 ],
    "rotation": { "origin": [ 10.9375, 10.9375, 4 ], "axis": "z", "angle": 45 },
    "faces": {
        "up":    { "uv": [ 11, 4, 12, 12 ], "texture": "#particle" }
    }
},
{
    "__comment": "Diag Mid",
    "from": [ 4, 9.4375, 10.9375 ],
    "to": [ 12, 10.9375, 12.4375 ],
    "rotation": { "origin": [ 4, 10.9375, 10.9375 ], "axis": "x", "angle": -45 },
    "faces": {
        "up":    { "uv": [ 4, 11, 12, 12 ], "texture": "#particle" }
    }
},
{
    "__comment": "Cyan Corner Diag",
    "from": [ 3, 11.5, 1 ],
    "to": [ 13, 13, 2.5 ],
    "rotation": { "origin": [ 3, 13, 1 ], "axis": "x", "angle": 45 },
    "faces": {
        "up":    { "uv": [ 3, 1, 13, 2 ], "texture": "#cyan" }
    }
},
{
    "__comment": "Cyan Corner Diag",
    "from": [ 3, 10.4375, 13.9375 ],
    "to": [ 13, 11.9375, 15.4375 ],
    "rotation": { "origin": [ 3, 11.9375, 13.9375 ], "axis": "x", "angle": -45 },
    "faces": {
        "up":    { "uv": [ 3, 14, 13, 15 ], "texture": "#cyan" }
    }
},
{
    "__comment": "Cyan Corner Diag",
    "from": [ 1, 11.5, 3 ],
    "to": [ 2.5, 13, 13 ],
    "rotation": { "origin": [ 1, 13, 3 ], "axis": "z", "angle": -45 },
    "faces": {
        "up":    { "uv": [ 1, 3, 2, 13 ], "texture": "#cyan" }
    }
},
{
    "__comment": "Cyan Corner Diag",
    "from": [ 13.9375, 10.4375, 3 ],
    "to": [ 15.4375, 11.9375, 13 ],
    "rotation": { "origin": [ 13.9375, 11.9375, 3 ], "axis": "z", "angle": 45 },
    "faces": {
        "up":    { "uv": [ 14, 3, 15, 13 ], "texture": "#cyan" }
    }
}
]
}