{
"__comment": "Designed by Sibsib92 with BDcraft Cubik PRO 0.95 Beta - http://bdcraft.net",
"ambientocclusion": false,
"textures": {
    "particle": "blocks/reeds"
},
"elements": [ 
{
    "__comment": "Small",
    "from": [ 9, -6, 14 ],
    "to": [ 10, 10, 15 ],
    "faces": {
        "up":    { "uv": [ 9.501, 0.001, 10.499, 0.999 ], "texture": "#particle", "tintindex": 0 },
        "north": { "uv": [ 9.999, 0.001, 9.001, 15.999 ], "texture": "#particle", "tintindex": 0 },
        "south": { "uv": [ 9.001, 0.001, 9.999, 15.999 ], "texture": "#particle", "tintindex": 0 },
        "west":  { "uv": [ 9.001, 0.001, 9.999, 15.999 ], "texture": "#particle", "tintindex": 0 },
        "east":  { "uv": [ 9.999, 0.001, 9.001, 15.999 ], "texture": "#particle", "tintindex": 0 }
    }
},
{
    "__comment": "Small",
    "from": [ 0.5, -7, 4 ],
    "to": [ 1.5, 9, 5 ],
    "faces": {
        "up":    { "uv": [ 10.001, 0.001, 10.999, 0.999 ], "texture": "#particle", "tintindex": 0 },
        "north": { "uv": [ 10.999, 0.001, 10.001, 15.999 ], "texture": "#particle", "tintindex": 0 },
        "south": { "uv": [ 10.001, 0.001, 10.999, 15.999 ], "texture": "#particle", "tintindex": 0 },
        "west":  { "uv": [ 6.001, 0.001, 6.999, 15.999 ], "texture": "#particle", "tintindex": 0 },
        "east":  { "uv": [ 6.999, 0.001, 6.001, 15.999 ], "texture": "#particle", "tintindex": 0 }
    }
},
{
    "__comment": "Small",
    "from": [ 8, -4.5, 3 ],
    "to": [ 9, 11.5, 4 ],
    "faces": {
        "up":    { "uv": [ 2.001, 0.001, 2.999, 0.999 ], "texture": "#particle", "tintindex": 0 },
        "north": { "uv": [ 2.999, 0.001, 2.001, 15.999 ], "texture": "#particle", "tintindex": 0 },
        "south": { "uv": [ 2.001, 0.001, 2.999, 15.999 ], "texture": "#particle", "tintindex": 0 },
        "west":  { "uv": [ 2.001, 0.001, 2.999, 15.999 ], "texture": "#particle", "tintindex": 0 },
        "east":  { "uv": [ 2.999, 0.001, 2.001, 15.999 ], "texture": "#particle", "tintindex": 0 }
    }
},
{
    "__comment": "Small",
    "from": [ 4, -6, 6 ],
    "to": [ 5, 10, 7 ],
    "faces": {
        "up":    { "uv": [ 5.001, 0.001, 5.999, 0.999 ], "texture": "#particle", "tintindex": 0 },
        "north": { "uv": [ 5.999, 0.001, 5.001, 15.999 ], "texture": "#particle", "tintindex": 0 },
        "south": { "uv": [ 5.001, 0.001, 5.999, 15.999 ], "texture": "#particle", "tintindex": 0 },
        "west":  { "uv": [ 5.001, 0.001, 5.999, 15.999 ], "texture": "#particle", "tintindex": 0 },
        "east":  { "uv": [ 5.999, 0.001, 5.001, 15.999 ], "texture": "#particle", "tintindex": 0 }
    }
},
{
    "__comment": "Small",
    "from": [ 5.5, -2.5, 10 ],
    "to": [ 6.5, 13.5, 11 ],
    "faces": {
        "up":    { "uv": [ 14.001, 0.001, 14.999, 0.999 ], "texture": "#particle", "tintindex": 0 },
        "north": { "uv": [ 14.999, 0.001, 14.001, 15.999 ], "texture": "#particle", "tintindex": 0 },
        "south": { "uv": [ 14.001, 0.001, 14.999, 15.999 ], "texture": "#particle", "tintindex": 0 },
        "west":  { "uv": [ 14.001, 0.001, 14.999, 15.999 ], "texture": "#particle", "tintindex": 0 },
        "east":  { "uv": [ 14.999, 0.001, 14.001, 15.999 ], "texture": "#particle", "tintindex": 0 }
    }
},
{
    "__comment": "Small",
    "from": [ 2, -4, 14 ],
    "to": [ 3, 12, 15 ],
    "faces": {
        "up":    { "uv": [ 1.001, 0.001, 1.999, 0.999 ], "texture": "#particle", "tintindex": 0 },
        "north": { "uv": [ 1.999, 0.001, 1.001, 15.999 ], "texture": "#particle", "tintindex": 0 },
        "south": { "uv": [ 1.001, 0.001, 1.999, 15.999 ], "texture": "#particle", "tintindex": 0 },
        "west":  { "uv": [ 1.001, 0.001, 1.999, 15.999 ], "texture": "#particle", "tintindex": 0 },
        "east":  { "uv": [ 1.999, 0.001, 1.001, 15.999 ], "texture": "#particle", "tintindex": 0 }
    }
},
{
    "__comment": "Small",
    "from": [ 13, -0.5, 5 ],
    "to": [ 14, 15.5, 6 ],
    "faces": {
        "up":    { "uv": [ 9.001, 0.001, 9.999, 0.999 ], "texture": "#particle", "tintindex": 0 },
        "north": { "uv": [ 9.999, 0.001, 9.001, 15.999 ], "texture": "#particle", "tintindex": 0 },
        "south": { "uv": [ 9.001, 0.001, 9.999, 15.999 ], "texture": "#particle", "tintindex": 0 },
        "west":  { "uv": [ 9.001, 0.001, 9.999, 15.999 ], "texture": "#particle", "tintindex": 0 },
        "east":  { "uv": [ 9.999, 0.001, 9.001, 15.999 ], "texture": "#particle", "tintindex": 0 }
    }
},
{
    "__comment": "Big",
    "from": [ 11.5, -3, 12.5 ],
    "to": [ 13.5, 13, 14.5 ],
    "faces": {
        "up":    { "uv": [ 9.001, 5.001, 10.999, 6.999 ], "texture": "#particle", "tintindex": 0 },
        "north": { "uv": [ 9.001, 0.001, 10.999, 15.999 ], "texture": "#particle", "tintindex": 0 },
        "south": { "uv": [ 9.001, 0.001, 10.999, 15.999 ], "texture": "#particle", "tintindex": 0 },
        "west":  { "uv": [ 10.999, 0.001, 9.001, 15.999 ], "texture": "#particle", "tintindex": 0 },
        "east":  { "uv": [ 10.999, 0.001, 9.001, 15.999 ], "texture": "#particle", "tintindex": 0 }
    }
},
{
    "__comment": "Big",
    "from": [ 3.5, -2.5, 2 ],
    "to": [ 5.5, 13.5, 4 ],
    "faces": {
        "up":    { "uv": [ 5.001, 4.001, 6.999, 5.999 ], "texture": "#particle", "tintindex": 0 },
        "north": { "uv": [ 5.001, 0.001, 6.999, 15.999 ], "texture": "#particle", "tintindex": 0 },
        "south": { "uv": [ 5.001, 0.001, 6.999, 15.999 ], "texture": "#particle", "tintindex": 0 },
        "west":  { "uv": [ 6.999, 0.001, 5.001, 15.999 ], "texture": "#particle", "tintindex": 0 },
        "east":  { "uv": [ 6.999, 0.001, 5.001, 15.999 ], "texture": "#particle", "tintindex": 0 }
    }
},
{
    "__comment": "Big",
    "from": [ 13, -5, 1 ],
    "to": [ 15, 11, 3 ],
    "faces": {
        "up":    { "uv": [ 13.001, 1.001, 14.999, 2.999 ], "texture": "#particle", "tintindex": 0 },
        "north": { "uv": [ 13.001, 0.001, 14.999, 15.999 ], "texture": "#particle", "tintindex": 0 },
        "south": { "uv": [ 13.001, 0.001, 14.999, 15.999 ], "texture": "#particle", "tintindex": 0 },
        "west":  { "uv": [ 14.999, 0.001, 13.001, 15.999 ], "texture": "#particle", "tintindex": 0 },
        "east":  { "uv": [ 14.999, 0.001, 13.001, 15.999 ], "texture": "#particle", "tintindex": 0 }
    }
},
{
    "__comment": "Big",
    "from": [ 5.5, -9, 13.5 ],
    "to": [ 7.5, 7, 15.5 ],
    "faces": {
        "up":    { "uv": [ 1.001, 0.001, 2.999, 1.999 ], "texture": "#particle", "tintindex": 0 },
        "north": { "uv": [ 1.001, 0.001, 2.999, 15.999 ], "texture": "#particle", "tintindex": 0 },
        "south": { "uv": [ 1.001, 0.001, 2.999, 15.999 ], "texture": "#particle", "tintindex": 0 },
        "west":  { "uv": [ 2.999, 0.001, 1.001, 15.999 ], "texture": "#particle", "tintindex": 0 },
        "east":  { "uv": [ 2.999, 0.001, 1.001, 15.999 ], "texture": "#particle", "tintindex": 0 }
    }
},
{
    "__comment": "Big",
    "from": [ 7.5, -1, 6.5 ],
    "to": [ 9.5, 15, 8.5 ],
    "faces": {
        "up":    { "uv": [ 9.001, 5.001, 10.999, 6.999 ], "texture": "#particle", "tintindex": 0 },
        "north": { "uv": [ 9.001, 0.001, 10.999, 15.999 ], "texture": "#particle", "tintindex": 0 },
        "south": { "uv": [ 9.001, 0.001, 10.999, 15.999 ], "texture": "#particle", "tintindex": 0 },
        "west":  { "uv": [ 10.999, 0.001, 9.001, 15.999 ], "texture": "#particle", "tintindex": 0 },
        "east":  { "uv": [ 10.999, 0.001, 9.001, 15.999 ], "texture": "#particle", "tintindex": 0 }
    }
},
{
    "__comment": "Big",
    "from": [ 1, -5, 10 ],
    "to": [ 3, 11, 12 ],
    "faces": {
        "up":    { "uv": [ 5.001, 10.001, 6.999, 11.999 ], "texture": "#particle", "tintindex": 0 },
        "north": { "uv": [ 5.001, 0.001, 6.999, 15.999 ], "texture": "#particle", "tintindex": 0 },
        "south": { "uv": [ 5.001, 0.001, 6.999, 15.999 ], "texture": "#particle", "tintindex": 0 },
        "west":  { "uv": [ 6.999, 0.001, 5.001, 15.999 ], "texture": "#particle", "tintindex": 0 },
        "east":  { "uv": [ 6.999, 0.001, 5.001, 15.999 ], "texture": "#particle", "tintindex": 0 }
    }
},
{
    "__comment": "Small",
    "from": [ 10, -4, 9 ],
    "to": [ 11, 12, 10 ],
    "faces": {
        "up":    { "uv": [ 9.001, 0.001, 9.999, 0.999 ], "texture": "#particle", "tintindex": 0 },
        "north": { "uv": [ 9.999, 0.001, 9.001, 15.999 ], "texture": "#particle", "tintindex": 0 },
        "south": { "uv": [ 9.001, 0.001, 9.999, 15.999 ], "texture": "#particle", "tintindex": 0 },
        "west":  { "uv": [ 9.001, 0.001, 9.999, 15.999 ], "texture": "#particle", "tintindex": 0 },
        "east":  { "uv": [ 9.999, 0.001, 9.001, 15.999 ], "texture": "#particle", "tintindex": 0 }
    }
},
{
    "__comment": "Small",
    "from": [ 1, -10, 1 ],
    "to": [ 2, 6, 2 ],
    "faces": {
        "up":    { "uv": [ 10.001, 0.001, 10.999, 0.999 ], "texture": "#particle", "tintindex": 0 },
        "north": { "uv": [ 10.999, 0.001, 10.001, 15.999 ], "texture": "#particle", "tintindex": 0 },
        "south": { "uv": [ 10.001, 0.001, 10.999, 15.999 ], "texture": "#particle", "tintindex": 0 },
        "west":  { "uv": [ 10.001, 0.001, 10.999, 15.999 ], "texture": "#particle", "tintindex": 0 },
        "east":  { "uv": [ 10.999, 0.001, 10.001, 15.999 ], "texture": "#particle", "tintindex": 0 }
    }
},
{
    "__comment": "Small",
    "from": [ 14.5, -13.5, 10 ],
    "to": [ 15.5, 2.5, 11 ],
    "faces": {
        "up":    { "uv": [ 9.001, 0.001, 9.999, 0.999 ], "texture": "#particle", "tintindex": 0 },
        "north": { "uv": [ 9.999, 0.001, 9.001, 15.999 ], "texture": "#particle", "tintindex": 0 },
        "south": { "uv": [ 9.001, 0.001, 9.999, 15.999 ], "texture": "#particle", "tintindex": 0 },
        "west":  { "uv": [ 9.001, 0.001, 9.999, 15.999 ], "texture": "#particle", "tintindex": 0 },
        "east":  { "uv": [ 9.999, 0.001, 9.001, 15.999 ], "texture": "#particle", "tintindex": 0 }
    }
}
]
}